{"cL+GL/P+cEnUvimyag1idg==":"mbr-1620x1080.jpg","ujsodkljeT3c64zpd/VP9A==":"mbr-1-1620x1080.jpg","VWI4eDcFEVqHPUSuubLVVQ==":"mbr-2-1620x1080.jpg","yQXrPcxQgQcm4CBEwPECUA==":"mbr-3-1620x1080.jpg","idfK98nPHFHeAgWVKxNpoA==":"mbr-723x1080.jpg","ehWIWzQ0MDn3w7xBlBvXbg==":"mund-180x120.jpg","wQngWhKV9Y9aCF5mvHb5wg==":"logo1-567x82.jpg","Iu0pNWDfZR9aOJ0GQJx7cg==":"logo1-415x60.jpg","5n1LHBsXWov9iFzT06Z4Pg==":"logo2-415x60.jpg","XX2pgR2yGWJpfVfEhUlrcw==":"logo2.jpg","WfXhNArfS6Yy2pzPuYR8pQ==":"mbr.jpg","qJ1dbsYK6qRbOP8FN+DW2A==":"teamfoto-annette-fahrig-muehlbach.jpg","eKRsjXDUqWs039yuWavl6g==":"teamfoto-annette-fahrig-muehlbach-1.jpg","YU6ffOVcJuXrHyVrFxqD1w==":"teamfoto-annette-fahrig-muehlbach-2.jpg","OOFKpNs2aXrIgQOAXxOROQ==":"kt.jpg","a2DNNzFCtVg2q9QGpEcP4w==":"kg.jpg","mLe/Oz74cgYSN1GFj8fW3w==":"sk.jpg","WiSuUiTx9JIvFG37jKzFQg==":"sb.jpg","zHlSFQLDwydjoqnr1C929w==":"sb-1.jpg","hbkJL0dbwqGKFP0+3q7E3Q==":"sb-2.jpg","H/lRhVP9++b8ufxYEqHGhw==":"sb-3.jpg","SyhVRhYM2G10W3+gXZUZfA==":"sk-1.jpg","tAEadxHKNR4/DM1p76okZw==":"mbr-1.jpg","E0mX/yIyqjvn4O/CdfBlOA==":"ansicht-aussen1.jpg","YFDfXRtESlVw2KOQEV5xvQ==":"ansicht-aussen2.jpg","Ey6+SX7jnhrWEGAK+ZB0+w==":"praxis-tegel-terrasse.jpg","cbElPKwP5coMIQWEjZsWNw==":"kithra3.jpg","9Tk2I+wMYYdvrX4HoD6ivg==":"kithra2.jpg","7Mdsxy45Zj5JwJg94iHsnQ==":"kithra1.jpg","PL7cXxQurzoQoTSTWORJtA==":"erthra2.jpg","ngiWv29QfkPGxxjiOIX+kw==":"erthra1.jpg","nv1pIpg23VnbFaAySQxCsQ==":"kithra3-1.jpg","mu9BVW8RSe5K8IKQ7mAyhA==":"kithra3-2.jpg","WJ2xppq/kom3CN+wo/CiNQ==":"kithra3-3.jpg","LhG6gN+gwV9chL+5jqih9g==":"mbr-2.jpg","x6VU0xPFZDmlV1cjhtFnFw==":"mbr-3.jpg","TQt/I4sx3CWMpaTt/CsSCw==":"mbr-4.jpg","5UDO3seg/nLeiZeGuwdg9g==":"mbr-5.jpg","5Qj6gmBD13sgAXtfD6BUmQ==":"mbr-6.jpg","Y9LycYGUKL/99NCsdOeBKw==":"mbr-7.jpg","k5rGXAGdLPV1gQO+rxoV/A==":"logo3.png","JMxOD7KDMm1LLDg9z86Dbw==":"logo4.png","Gl9odVG7KoeJXy/XnEMfMQ==":"02.jpg","4zrXXIdCdNCMR3sXgGhyrA==":"mbr-8.jpg","PH8vLUgc0I41VJG8Pt/vdQ==":"mbr-9.jpg","QbW1XGd6sh4CJ5/FpA7GFg==":"mbr-10.jpg","HgnBONiFFqRfrDnJ9wP8LA==":"mbr-11.jpg","CGGtf1MuvLFB/KUrA/+mag==":"jumbotron.jpg","E/n707DkTOlEcbVkapaTiA==":"mbr-12.jpg","sUbA98Bqa6Gfilbq/aLa/g==":"background1.jpg","JB2Id3afFovpmmyEGSv9jw==":"mbr-13.jpg","1vBSG0TOPFDYA5kkQxI3XA==":"mbr-14.jpg","C7S7bB3AT1M4dyPIupxXHQ==":"mbr-15.jpg","bk6O2s3s0dsnmyTRUT4/KA==":"mbr-16.jpg","GsaWkVaG6xklBsSdo8Lc0g==":"game.jpg","0xQQNRYyWpmO+GvYMTPIqQ==":"typo.jpg","YU44o180FSJGI9qTP8wXcA==":"hands.jpg","/r/QXy/EoZxYA6TkoEgAnw==":"head.jpg","MC4I9QboKtQonSw7NKvihQ==":"head-1.jpg","QV9vbtfQuPfdC2ENKfLthw==":"kg-1.jpg","SSREXHUmW72Ue+kFeAWWpg==":"kg-2.jpg","O/Rs2RJAkf9zaci6y/LiQQ==":"kg-3.jpg","A++V/TwpjCO0suIYM5wJXA==":"kg-4.jpg","ppWaTiF5jOpjTBxbcgLauQ==":"kg-5.jpg","PzUKq5canK9FS3a469VJSw==":"logo-ib-hochschule.jpg","3RTEfg/8EirS9FtcEf5j9Q==":"logo-ib-hochschule-1.jpg","79C2EDoE6n5tWr4rFLR8Ig==":"hsg.jpg","/qnZ+7+eqjgPFobtI5Gn8Q==":"logo3a.png","q10VHGBXFY25xUkdqxT1sA==":"piqx9496.dng.p.jpg","XhRm6qqlkvXdsQRpopxjbg==":"piqx9453.dng.p.jpg","XPmVGIqei71BjDd4dHNMpA==":"piqx9481.dng.p.jpg","x51Cl5iim8F3SCBNmlS4cA==":"piqx9353.dng.p.jpg","BUAAqh6N/ArDRhuAWjV71w==":"piqx9589.tif.p.jpg","FWVIBLMldJ8QiloTfUxrsw==":"piqx9589.tif.p-1.jpg","WfNSHGGyRONaehm9nJpxiw==":"ibh-neu.jpg","C4RTR1xUNOUhsw9NL49lzw==":"ibh-neu2.jpg","bu7q179sFQWBzEJRZCBFiA==":"ibh-neu3.jpg","l9XNPFmD9OqtpbkJqmXodQ==":"hsg-neu.jpg","ZKD6queVpcwdOvPAagXHVw==":"hsg-neu-1.jpg","qvu1crlZzs1gSchapn2ksw==":"piqx9496.dng.p-1.jpg","yGdmtDZtYKYQYMBeTg8Usg==":"piqx9453.dng.p-1.jpg","sOYeQGVq/YcQ5UDBtV1dUQ==":"piqx9481.dng.p-1.jpg","kPYk1fP1jNk5W3k4txGNdA==":"piqx9353.dng.p-1.jpg","6g2I6jxJfdipzSHyDKRYpA==":"hsg-neu-2.jpg","fJMUVAek/c4lh/DjXwUGpA==":"ibh-neu-1.jpg","ia9PD/OmXMOym3VTRPwovQ==":"team.jpg","MIJjXNdJH3iEvrGbxnxyzg==":"team-1.jpg","CsoJnWjXc+fctAYT3H944A==":"team2.jpg","K3hJDn30+FVpPbJD6FpBdQ==":"team2-1.jpg"}